"#","From","To (Interval: 24H)","Jabalpur, Suhagi  PM10 (µg/m3)","Jabalpur, Suhagi  PM2.5 (µg/m3)","Jabalpur, Suhagi  NO (µg/m3)","Jabalpur, Suhagi  NO2 (µg/m3)","Jabalpur, Suhagi  NOX (ppb)","Jabalpur, Suhagi  CO (mg/m3)","Jabalpur, Suhagi  SO2 (µg/m3)","Jabalpur, Suhagi  NH3 (µg/m3)","Jabalpur, Suhagi  Ozone (µg/m3)","Jabalpur, Suhagi  Benzene (µg/m3)"
"1","2025-01-01 00:00:00","2025-01-02 00:00:00","80.04","32.83","2.65","40.34","30.04","1.68","6.49","8.69","26.21","0.98"
"2","2025-01-02 00:00:00","2025-01-03 00:00:00","109.94","47.74","2.70","40.98","30.54","2.09","7.02","9.12","23.51","1.59"
"3","2025-01-03 00:00:00","2025-01-04 00:00:00","92.06","34.50","2.70","40.67","30.36","1.78","6.07","8.35","26.09","1.20"
"4","2025-01-04 00:00:00","2025-01-05 00:00:00","95.29","38.06","2.61","40.61","30.03","1.66","6.81","8.94","25.74","1.39"
"5","2025-01-05 00:00:00","2025-01-06 00:00:00","95.44","37.74","2.71","41.29","30.69","1.98","5.54","7.82","19.51","1.21"
"6","2025-01-06 00:00:00","2025-01-07 00:00:00","99.99","36.65","2.75","39.14","29.71","1.74","7.90","9.82","33.06","0.96"
"7","2025-01-07 00:00:00","2025-01-08 00:00:00","132.36","48.73","2.87","39.33","30.20","2.18","6.96","9.07","28.08","1.08"
"8","2025-01-08 00:00:00","2025-01-09 00:00:00","106.44","43.50","2.85","39.45","30.23","1.77","5.07","7.55","28.51","1.26"
"9","2025-01-09 00:00:00","2025-01-10 00:00:00","111.13","42.95","2.83","41.15","30.88","1.97","5.33","7.51","20.87","1.45"
"10","2025-01-10 00:00:00","2025-01-11 00:00:00","101.83","35.40","2.96","38.95","30.31","1.61","6.35","8.58","31.25","1.08"
"11","2025-01-11 00:00:00","2025-01-12 00:00:00","123.60","46.80","2.88","38.50","29.79","1.98","9.12","10.78","36.12","1.22"
"12","2025-01-12 00:00:00","2025-01-13 00:00:00","127.42","55.01","2.83","39.15","29.96","1.79","7.57","9.55","34.42","1.10"
"13","2025-01-13 00:00:00","2025-01-14 00:00:00","157.27","66.60","2.89","37.38","29.11","2.40","7.29","9.20","39.96","1.01"
"14","2025-01-14 00:00:00","2025-01-15 00:00:00","121.29","49.65","2.84","41.28","31.14","1.58","7.72","9.67","19.63","1.32"
"15","2025-01-15 00:00:00","2025-01-16 00:00:00","115.96","44.49","2.93","40.15","30.82","1.78","8.33","10.16","22.66","1.02"
"16","2025-01-16 00:00:00","2025-01-17 00:00:00","125.48","45.68","2.91","39.93","30.65","2.15","6.42","8.63","28.08","0.87"
"17","2025-01-17 00:00:00","2025-01-18 00:00:00","156.15","75.18","2.94","39.81","30.68","2.47","5.81","8.15","26.91","0.88"
"18","2025-01-18 00:00:00","2025-01-19 00:00:00","148.29","86.48","2.90","40.54","30.96","2.71","5.74","8.09","23.97","1.26"
"19","2025-01-19 00:00:00","2025-01-20 00:00:00","106.41","62.14","18.25","43.15","42.40","1.94","8.08","9.19","32.75","1.15"
"20","2025-01-20 00:00:00","2025-01-21 00:00:00","109.70","64.00","24.99","40.71","41.98","1.09","8.62","10.04","34.96","1.10"
"21","2025-01-21 00:00:00","2025-01-22 00:00:00","124.65","72.68","30.53","44.50","48.49","0.96","11.12","10.96","40.69","1.29"
"22","2025-01-22 00:00:00","2025-01-23 00:00:00","130.99","76.41","28.95","44.41","47.16","1.19","9.53","10.60","36.04","1.07"
"23","2025-01-23 00:00:00","2025-01-24 00:00:00","118.23","69.01","22.55","44.84","42.19","1.13","7.71","9.72","30.74","0.94"
"24","2025-01-24 00:00:00","2025-01-25 00:00:00","149.93","87.42","18.86","51.59","42.79","0.91","10.61","8.07","39.21","0.83"
"25","2025-01-25 00:00:00","2025-01-26 00:00:00","123.01","54.08","23.38","47.35","43.99","1.42","8.64","8.86","32.92","0.97"
"26","2025-01-26 00:00:00","2025-01-27 00:00:00","103.77","35.26","22.85","47.49","43.84","1.13","7.86","8.97","31.15","1.01"
"27","2025-01-27 00:00:00","2025-01-28 00:00:00","86.31","26.15","23.77","46.20","43.89","1.00","9.30","8.14","35.37","0.89"
"28","2025-01-28 00:00:00","2025-01-29 00:00:00","105.15","33.62","23.75","46.82","44.22","1.17","9.92","8.30","36.54","0.95"
"29","2025-01-29 00:00:00","2025-01-30 00:00:00","125.91","37.87","24.56","47.16","45.06","1.43","11.58","8.49","41.30","0.94"
"30","2025-01-30 00:00:00","2025-01-31 00:00:00","121.13","40.14","17.72","41.19","36.32","0.87","11.15","8.11","40.76","0.91"
"31","2025-01-31 00:00:00","2025-02-01 00:00:00","150.67","46.14","26.03","46.19","45.73","1.38","11.58","8.83","42.01","1.37"
"32","2025-02-01 00:00:00","2025-02-02 00:00:00","131.32","37.36","28.48","49.00","49.22","1.18","11.73","9.32","42.45","1.15"
"33","2025-02-02 00:00:00","2025-02-03 00:00:00","108.64","34.39","23.75","45.48","43.50","1.25","8.96","9.54","34.36","1.14"
"34","2025-02-03 00:00:00","2025-02-04 00:00:00","127.84","35.86","22.93","47.56","43.94","1.09","9.94","8.75","37.23","0.94"
"35","2025-02-04 00:00:00","2025-02-05 00:00:00","125.80","40.66","22.26","47.42","43.32","1.43","10.79","8.60","39.70","1.07"
"36","2025-02-05 00:00:00","2025-02-06 00:00:00","105.08","34.48","14.13","38.06","31.73","0.63","9.79","7.67","36.79","0.78"
"37","2025-02-06 00:00:00","2025-02-07 00:00:00","120.65","33.53","21.58","49.71","43.98","1.32","9.22","6.77","35.15","0.78"
"38","2025-02-07 00:00:00","2025-02-08 00:00:00","104.94","31.08","26.30","45.09","45.36","1.09","10.33","7.96","38.36","0.93"
"39","2025-02-08 00:00:00","2025-02-09 00:00:00","102.16","30.88","25.33","46.12","45.12","1.00","10.88","8.28","39.97","1.06"
"40","2025-02-09 00:00:00","2025-02-10 00:00:00","85.53","25.61","21.10","42.18","39.59","0.98","9.04","7.30","34.62","1.02"
"41","2025-02-10 00:00:00","2025-02-11 00:00:00","123.30","34.08","27.79","50.66","49.55","1.27","11.59","11.67","42.05","1.33"
"42","2025-02-11 00:00:00","2025-02-12 00:00:00","121.55","38.17","26.71","41.99","44.05","1.09","9.08","9.53","34.71","1.12"
"43","2025-02-12 00:00:00","2025-02-13 00:00:00","73.86","23.69","10.15","31.47","24.98","0.52","10.39","7.03","38.53","0.92"
"44","2025-02-13 00:00:00","2025-02-14 00:00:00","91.10","20.59","29.26","48.97","49.85","1.05","8.68","8.37","33.56","0.72"
"45","2025-02-14 00:00:00","2025-02-15 00:00:00","107.24","29.53","29.60","44.18","47.57","1.30","9.97","10.44","32.82","1.23"
"46","2025-02-15 00:00:00","2025-02-16 00:00:00","100.87","24.67","22.53","37.46","37.07","1.41","10.63","8.68","36.73","1.08"
"47","2025-02-16 00:00:00","2025-02-17 00:00:00","78.64","20.89","12.12","31.10","24.51","0.61","7.77","8.79","44.29","0.87"
"48","2025-02-17 00:00:00","2025-02-18 00:00:00","107.98","27.51","22.59","39.02","38.72","1.27","10.01","9.13","31.58","0.83"
"49","2025-02-18 00:00:00","2025-02-19 00:00:00","120.84","32.59","27.97","40.43","42.31","1.17","11.17","9.39","35.30","0.95"
"50","2025-02-19 00:00:00","2025-02-20 00:00:00","131.06","34.31","21.83","43.65","40.97","1.13","10.32","9.44","30.14","1.13"
"51","2025-02-20 00:00:00","2025-02-21 00:00:00","129.78","35.83","27.16","44.69","45.16","1.19","13.28","9.46","35.60","0.91"
"52","2025-02-21 00:00:00","2025-02-22 00:00:00","110.16","30.15","32.48","39.95","47.65","1.14","9.83","9.73","32.71","1.01"
"53","2025-02-22 00:00:00","2025-02-23 00:00:00","87.79","25.77","18.36","34.96","33.51","0.70","8.76","9.19","38.95","0.83"
"54","2025-02-23 00:00:00","2025-02-24 00:00:00","67.86","21.54","17.11","35.80","32.96","0.99","11.12","9.01","37.03","0.79"
"55","2025-02-24 00:00:00","2025-02-25 00:00:00","80.45","23.69","25.47","43.10","43.64","1.05","9.95","9.25","33.00","0.84"
"56","2025-02-25 00:00:00","2025-02-26 00:00:00","80.84","24.10","24.61","43.52","43.16","1.08","9.63","9.33","32.59","0.83"
"57","2025-02-26 00:00:00","2025-02-27 00:00:00","87.01","28.28","21.93","39.01","38.58","1.05","8.73","9.37","32.77","0.95"
"58","2025-02-27 00:00:00","2025-02-28 00:00:00","81.98","24.26","31.06","36.79","44.83","1.01","8.26","9.54","29.49","0.86"
"59","2025-02-28 00:00:00","2025-03-01 00:00:00","79.66","18.08","14.87","34.18","30.27","0.70","14.12","9.30","45.51","0.66"
"60","2025-03-01 00:00:00","2025-03-02 00:00:00","91.74","27.79","13.38","36.62","30.35","0.93","16.26","9.26","56.65","0.61"
"61","2025-03-02 00:00:00","2025-03-03 00:00:00","76.88","24.72","8.54","29.00","22.37","0.84","11.59","9.26","43.40","0.67"
"62","2025-03-03 00:00:00","2025-03-04 00:00:00","96.34","27.92","17.79","37.48","34.39","1.38","10.79","9.39","38.46","0.71"
"63","2025-03-04 00:00:00","2025-03-05 00:00:00","91.22","20.45","7.65","25.60","19.85","0.55","8.31","9.33","47.87","0.62"
"64","2025-03-05 00:00:00","2025-03-06 00:00:00","68.80","13.70","16.50","29.22","28.95","0.97","8.39","8.54","49.36","0.40"
"65","2025-03-06 00:00:00","2025-03-07 00:00:00","81.05","20.45","26.47","37.07","41.24","1.16","7.91","8.68","36.19","0.78"
"66","2025-03-07 00:00:00","2025-03-08 00:00:00","82.55","19.97","20.18","38.90","37.10","0.97","8.61","8.76","43.01","0.83"
"67","2025-03-08 00:00:00","2025-03-09 00:00:00","106.30","32.90","19.74","41.16","37.94","1.29","10.49","8.88","39.25","0.85"
"68","2025-03-09 00:00:00","2025-03-10 00:00:00","128.45","43.95","16.91","40.39","35.23","1.21","16.79","9.10","35.68","0.87"
"69","2025-03-10 00:00:00","2025-03-11 00:00:00","125.02","36.67","22.56","46.71","43.19","1.33","15.66","9.21","35.93","0.71"
"70","2025-03-11 00:00:00","2025-03-12 00:00:00","129.51","45.08","19.44","44.46","39.45","1.35","15.46","9.53","42.30","0.86"
"71","2025-03-12 00:00:00","2025-03-13 00:00:00","190.06","59.68","22.68","41.99","40.77","1.51","19.20","9.83","55.41","1.05"
"72","2025-03-13 00:00:00","2025-03-14 00:00:00","137.36","53.84","17.08","38.09","34.15","1.51","15.14","9.48","42.03","0.99"
"73","2025-03-14 00:00:00","2025-03-15 00:00:00","118.88","55.24","8.05","33.65","24.44","1.60","11.79","9.39","36.66","1.11"
"74","2025-03-15 00:00:00","2025-03-16 00:00:00","76.08","27.70","9.18","30.41","23.64","1.24","14.34","9.37","38.74","0.64"
"75","2025-03-16 00:00:00","2025-03-17 00:00:00","76.64","28.24","9.34","31.77","24.49","1.09","12.33","9.57","39.51","0.71"
"76","2025-03-17 00:00:00","2025-03-18 00:00:00","98.01","31.61","14.11","37.05","31.18","1.45","14.21","9.74","40.34","0.61"
"77","2025-03-18 00:00:00","2025-03-19 00:00:00","101.95","34.94","14.14","40.38","32.98","1.25","13.77","9.65","38.49","0.72"
"78","2025-03-19 00:00:00","2025-03-20 00:00:00","60.34","39.77","8.78","38.59","27.66","1.23","14.13","9.39","44.79","0.80"
"79","2025-03-20 00:00:00","2025-03-21 00:00:00","56.71","20.36","5.77","31.09","21.23","1.37","18.04","9.57","45.57","0.53"
"80","2025-03-21 00:00:00","2025-03-22 00:00:00","66.06","22.51","7.71","35.62","24.93","1.29","15.22","12.88","32.84","0.47"
"81","2025-03-22 00:00:00","2025-03-23 00:00:00","75.90","26.07","16.42","43.40","35.74","1.42","18.86","12.69","25.86","0.72"
"82","2025-03-23 00:00:00","2025-03-24 00:00:00","72.49","23.75","12.76","41.75","31.82","1.27","21.14","12.58","29.57","0.85"
"83","2025-03-24 00:00:00","2025-03-25 00:00:00","75.67","22.10","22.48","46.81","42.44","1.45","20.61","15.35","29.55","0.88"
"84","2025-03-25 00:00:00","2025-03-26 00:00:00","81.45","24.70","19.04","48.68","40.83","1.37","20.09","12.96","30.16","1.04"
"85","2025-03-26 00:00:00","2025-03-27 00:00:00","81.49","26.80","19.17","50.59","42.10","1.47","14.75","10.43","30.30","1.06"
"86","2025-03-27 00:00:00","2025-03-28 00:00:00","95.38","30.78","20.95","46.38","40.68","1.50","19.16","13.17","35.18","1.26"
"87","2025-03-28 00:00:00","2025-03-29 00:00:00","93.18","28.57","16.77","44.04","35.51","1.15","14.83","17.40","31.72","0.92"
"88","2025-03-29 00:00:00","2025-03-30 00:00:00","100.00","23.88","22.49","46.44","42.24","1.34","14.74","12.74","30.49","0.73"
"89","2025-03-30 00:00:00","2025-03-31 00:00:00","93.31","28.64","18.17","49.67","40.77","1.44","22.56","11.40","28.97","1.28"
"90","2025-03-31 00:00:00","2025-04-01 00:00:00","96.86","32.14","18.82","52.14","42.87","1.41","22.66","11.24","26.54","1.25"
"91","2025-04-01 00:00:00","2025-04-02 00:00:00","110.43","38.94","25.73","60.12","52.46","1.44","24.33","18.20","24.34","1.28"
"92","2025-04-02 00:00:00","2025-04-03 00:00:00","121.71","47.42","17.14","56.69","43.74","1.40","23.28","11.57","20.75","1.29"
"93","2025-04-03 00:00:00","2025-04-04 00:00:00","85.07","34.01","17.78","45.21","37.20","1.16","15.76","12.97","27.79","1.01"
"94","2025-04-04 00:00:00","2025-04-05 00:00:00","72.60","22.97","14.99","37.34","30.93","1.36","21.50","10.75","39.40","0.66"
"95","2025-04-05 00:00:00","2025-04-06 00:00:00","91.01","29.80","17.15","42.33","35.58","1.32","19.11","12.74","34.28","1.19"
"96","2025-04-06 00:00:00","2025-04-07 00:00:00","97.00","31.09","17.61","43.68","36.35","1.34","20.55","13.17","30.75","1.20"
"97","2025-04-07 00:00:00","2025-04-08 00:00:00","98.99","32.70","20.76","44.29","39.16","1.29","24.05","18.43","30.23","1.06"
"98","2025-04-08 00:00:00","2025-04-09 00:00:00","101.38","32.82","22.51","48.41","42.89","1.33","26.02","14.01","35.36","1.15"
"99","2025-04-09 00:00:00","2025-04-10 00:00:00","83.49","21.76","15.13","47.37","36.75","1.28","24.68","16.24","47.60","0.91"
"100","2025-04-10 00:00:00","2025-04-11 00:00:00","70.74","19.21","6.36","38.33","25.56","1.02","11.58","9.79","59.80","0.60"
"101","2025-04-11 00:00:00","2025-04-12 00:00:00","111.58","26.97","19.07","50.17","42.19","1.23","8.09","9.94","43.00","0.65"
"102","2025-04-12 00:00:00","2025-04-13 00:00:00","88.31","20.35","10.79","35.80","27.82","0.95","10.96","9.56","55.34","0.60"
"103","2025-04-13 00:00:00","2025-04-14 00:00:00","78.00","17.30","6.70","36.94","25.10","0.82","17.09","9.48","53.63","0.66"
"104","2025-04-14 00:00:00","2025-04-15 00:00:00","70.70","20.09","17.45","45.53","38.22","1.64","10.10","9.45","43.36","0.52"
"105","2025-04-15 00:00:00","2025-04-16 00:00:00","68.92","19.58","12.15","46.27","34.49","1.14","11.43","9.52","59.41","0.59"
"106","2025-04-16 00:00:00","2025-04-17 00:00:00","77.15","21.65","11.87","43.80","32.95","1.20","14.38","9.61","57.86","0.59"
"107","2025-04-17 00:00:00","2025-04-18 00:00:00","82.54","23.41","16.97","52.03","41.48","1.26","13.83","9.76","53.18","0.68"
"108","2025-04-18 00:00:00","2025-04-19 00:00:00","71.61","19.61","11.70","41.85","31.67","1.23","10.14","9.80","48.65","0.71"
"109","2025-04-19 00:00:00","2025-04-20 00:00:00","85.77","21.41","17.90","44.73","38.34","1.34","11.00","9.90","50.66","0.69"
"110","2025-04-20 00:00:00","2025-04-21 00:00:00","70.48","17.13","3.51","30.45","19.05","0.78","7.92","9.47","64.28","0.53"
"111","2025-04-21 00:00:00","2025-04-22 00:00:00","89.09","18.73","7.57","39.26","26.97","1.14","10.57","9.36","59.11","0.47"
"112","2025-04-22 00:00:00","2025-04-23 00:00:00","99.16","23.05","19.36","51.42","43.09","1.52","9.38","9.36","50.22","0.65"
"113","2025-04-23 00:00:00","2025-04-24 00:00:00","118.16","23.04","27.35","56.16","52.11","1.44","8.20","9.45","46.74","1.28"
"114","2025-04-24 00:00:00","2025-04-25 00:00:00","111.58","21.95","23.80","52.80","47.43","1.33","10.23","9.29","49.43","1.15"
"115","2025-04-25 00:00:00","2025-04-26 00:00:00","125.89","25.37","17.86","61.07","47.00","1.79","15.90","9.34","25.72","1.12"
"116","2025-04-26 00:00:00","2025-04-27 00:00:00","105.78","18.55","7.69","65.23","40.94","1.04","9.35","9.63","49.97","0.64"
"117","2025-04-27 00:00:00","2025-04-28 00:00:00","78.91","12.69","5.37","56.16","34.25","0.96","10.62","9.39","61.68","0.51"
"118","2025-04-28 00:00:00","2025-04-29 00:00:00","76.95","15.52","10.74","67.40","44.58","1.53","11.08","10.01","53.77","0.48"
"119","2025-04-29 00:00:00","2025-04-30 00:00:00","64.66","13.10","4.40","54.37","32.50","0.67","16.00","9.72","76.65","0.42"
"120","2025-04-30 00:00:00","2025-05-01 00:00:00","67.44","14.25","9.34","63.67","41.47","1.67","11.24","10.73","75.53","0.41"
"121","2025-05-01 00:00:00","2025-05-02 00:00:00","54.49","12.38","4.49","51.35","30.97","1.06","10.36","10.65","77.18","0.40"
"122","2025-05-02 00:00:00","2025-05-03 00:00:00","62.24","13.93","10.19","62.08","41.30","1.57","12.01","10.14","65.47","0.47"
"123","2025-05-03 00:00:00","2025-05-04 00:00:00","66.28","16.51","5.37","54.27","33.24","0.81","12.39","9.80","63.30","0.57"
"124","2025-05-04 00:00:00","2025-05-05 00:00:00","55.09","12.37","4.24","51.79","30.99","1.02","7.33","9.80","61.01","0.37"
"125","2025-05-05 00:00:00","2025-05-06 00:00:00","54.01","12.31","6.26","54.51","34.09","1.28","7.01","9.55","47.87","0.37"
"126","2025-05-06 00:00:00","2025-05-07 00:00:00","50.15","10.90","4.74","51.94","31.49","1.01","5.47","9.58","51.20","0.37"
"127","2025-05-07 00:00:00","2025-05-08 00:00:00","41.27","9.01","3.59","49.71","29.35","1.13","5.96","9.46","65.82","0.32"
"128","2025-05-08 00:00:00","2025-05-09 00:00:00","64.26","13.50","9.63","62.58","41.12","1.49","9.51","9.78","51.50","0.43"
"129","2025-05-09 00:00:00","2025-05-10 00:00:00","55.08","12.58","6.97","59.04","37.08","0.83","10.37","9.76","54.23","0.43"
"130","2025-05-10 00:00:00","2025-05-11 00:00:00","63.83","15.50","5.15","58.45","35.28","1.09","9.74","9.78","68.82","0.44"
"131","2025-05-11 00:00:00","2025-05-12 00:00:00","55.22","13.05","4.55","57.09","34.07","1.03","6.63","9.81","61.76","0.40"
"132","2025-05-12 00:00:00","2025-05-13 00:00:00","56.06","13.52","4.08","55.54","32.86","1.16","8.53","9.74","72.30","0.37"
"133","2025-05-13 00:00:00","2025-05-14 00:00:00","79.80","17.01","6.33","61.01","37.59","1.36","7.31","9.94","58.20","0.46"
"134","2025-05-14 00:00:00","2025-05-15 00:00:00","76.40","15.57","7.14","60.48","37.98","1.52","8.47","9.80","59.01","0.54"
"135","2025-05-15 00:00:00","2025-05-16 00:00:00","77.57","21.64","3.95","47.19","28.31","0.63","11.12","9.65","73.84","0.47"
"136","2025-05-16 00:00:00","2025-05-17 00:00:00","77.34","31.35","5.83","51.08","31.90","0.48","12.08","10.33","70.90","0.38"
"137","2025-05-17 00:00:00","2025-05-18 00:00:00","89.80","35.39","5.21","46.57","29.00","0.54","12.76","10.09","79.14","0.38"
"138","2025-05-18 00:00:00","2025-05-19 00:00:00","68.76","30.95","4.67","43.54","26.97","0.53","13.87","9.91","93.90","0.40"
"139","2025-05-19 00:00:00","2025-05-20 00:00:00","105.43","38.61","4.16","44.23","26.91","0.53","13.43","9.93","87.23","0.41"
"140","2025-05-20 00:00:00","2025-05-21 00:00:00","75.65","33.09","4.65","45.15","27.80","0.84","12.24","9.97","56.07","0.36"
"141","2025-05-21 00:00:00","2025-05-22 00:00:00","90.15","43.99","5.03","45.27","28.17","1.05","10.89","9.80","53.53","0.37"
"142","2025-05-22 00:00:00","2025-05-23 00:00:00","54.87","19.03","4.56","41.82","25.96","1.09","12.12","9.72","49.99","0.32"
"143","2025-05-23 00:00:00","2025-05-24 00:00:00","57.58","23.19","17.95","48.68","40.50","0.50","13.57","12.39","57.51","0.89"
"144","2025-05-24 00:00:00","2025-05-25 00:00:00","65.05","28.56","NA","NA","NA","NA","NA","NA","0.40","0.27"
"145","2025-05-25 00:00:00","2025-05-26 00:00:00","NA","NA","NA","NA","NA","NA","NA","NA","NA","0.40"
"146","2025-06-05 00:00:00","2025-06-06 00:00:00","185.50","52.11","29.95","73.15","63.13","2.30","12.98","9.72","5.55","0.98"
"147","2025-06-06 00:00:00","2025-06-07 00:00:00","138.32","58.49","11.59","37.78","29.51","0.92","10.27","9.40","4.81","0.68"
"148","2025-06-07 00:00:00","2025-06-08 00:00:00","139.72","68.52","9.96","39.40","29.05","1.03","10.41","9.32","4.77","0.66"
"149","2025-06-08 00:00:00","2025-06-09 00:00:00","133.80","53.04","13.85","44.11","34.72","1.21","10.41","9.41","4.77","0.63"
"150","2025-06-09 00:00:00","2025-06-10 00:00:00","178.71","77.67","15.32","50.25","39.18","0.94","9.92","9.51","4.82","0.85"
"151","2025-06-10 00:00:00","2025-06-11 00:00:00","188.56","83.94","10.95","51.69","36.39","1.10","14.98","9.75","4.86","0.90"
"152","2025-06-11 00:00:00","2025-06-12 00:00:00","93.47","50.75","4.39","34.75","22.07","0.97","12.56","9.41","25.78","0.52"
"153","2025-06-12 00:00:00","2025-06-13 00:00:00","107.06","55.21","5.28","37.79","24.39","1.05","14.04","8.85","44.22","0.53"
"154","2025-06-13 00:00:00","2025-06-14 00:00:00","71.70","37.21","11.53","37.98","29.58","0.71","12.27","12.28","42.71","0.41"
"155","2025-06-14 00:00:00","2025-06-15 00:00:00","60.68","34.22","13.41","42.06","33.28","0.73","8.57","9.60","44.62","0.21"
"156","2025-06-15 00:00:00","2025-06-16 00:00:00","52.95","28.79","13.60","37.94","30.24","0.95","3.78","9.21","44.37","0.23"
"157","2025-06-16 00:00:00","2025-06-17 00:00:00","61.07","30.71","8.95","32.72","24.76","1.05","12.85","7.72","45.24","0.34"
"158","2025-06-17 00:00:00","2025-06-18 00:00:00","48.44","12.75","5.07","33.81","22.10","0.84","9.14","7.04","38.85","0.45"
"159","2025-06-18 00:00:00","2025-06-19 00:00:00","75.27","24.14","3.61","22.43","14.81","0.52","7.97","6.43","60.61","0.30"
"160","2025-06-19 00:00:00","2025-06-20 00:00:00","40.24","12.49","4.12","24.84","16.56","0.32","7.36","6.85","33.59","0.37"
"161","2025-06-20 00:00:00","2025-06-21 00:00:00","49.57","11.14","4.24","25.78","17.16","0.37","6.00","7.12","19.28","0.36"
"162","2025-06-21 00:00:00","2025-06-22 00:00:00","55.01","14.40","3.82","25.45","16.64","0.24","7.16","7.21","27.40","0.34"
"163","2025-06-22 00:00:00","2025-06-23 00:00:00","32.29","5.65","3.28","22.81","14.79","0.23","5.19","7.24","19.53","0.30"
"164","2025-06-23 00:00:00","2025-06-24 00:00:00","26.19","5.11","3.21","22.43","14.54","0.43","7.26","7.22","17.29","0.29"
"165","2025-06-24 00:00:00","2025-06-25 00:00:00","33.93","13.88","3.24","22.97","14.85","0.29","6.19","7.33","16.52","0.28"
"166","2025-06-25 00:00:00","2025-06-26 00:00:00","62.54","17.31","8.96","25.82","21.01","0.69","7.94","7.24","16.41","0.32"
"167","2025-06-26 00:00:00","2025-06-27 00:00:00","60.31","21.56","13.36","31.21","27.45","0.61","6.31","7.85","9.36","0.59"
"168","2025-06-27 00:00:00","2025-06-28 00:00:00","41.92","17.14","4.60","21.12","14.98","0.35","5.87","7.25","21.95","0.34"
"169","2025-06-28 00:00:00","2025-06-29 00:00:00","55.55","29.83","3.55","21.98","14.58","0.60","6.40","7.41","28.14","0.31"
"170","2025-06-29 00:00:00","2025-06-30 00:00:00","46.68","14.69","2.92","20.65","13.35","0.58","6.08","7.31","29.04","0.26"
"171","2025-06-30 00:00:00","2025-07-01 00:00:00","46.91","12.82","3.53","22.05","14.60","0.66","5.11","7.42","16.86","0.28"
"172","2025-07-01 00:00:00","2025-07-02 00:00:00","44.35","11.76","3.46","22.62","14.84","0.65","6.17","7.50","16.37","0.34"
"173","2025-07-02 00:00:00","2025-07-03 00:00:00","49.16","14.03","3.35","22.79","14.85","0.68","4.54","7.52","20.93","0.28"
"174","2025-07-03 00:00:00","2025-07-04 00:00:00","54.53","23.47","4.92","22.98","16.22","0.77","5.60","7.35","20.15","0.27"
"175","2025-07-04 00:00:00","2025-07-05 00:00:00","47.98","55.90","3.53","20.43","13.74","0.50","6.25","7.52","19.87","0.28"
"176","2025-07-05 00:00:00","2025-07-06 00:00:00","38.33","10.45","3.03","16.84","11.42","0.57","7.87","6.96","18.95","0.23"
"177","2025-07-06 00:00:00","2025-07-07 00:00:00","28.28","7.98","4.07","19.82","13.85","0.58","4.15","7.70","17.45","0.26"
"178","2025-07-07 00:00:00","2025-07-08 00:00:00","28.90","7.24","3.28","20.94","13.82","0.72","6.26","7.54","25.82","0.26"
"179","2025-07-08 00:00:00","2025-07-09 00:00:00","29.24","7.38","2.73","20.56","13.16","0.60","5.56","7.49","30.32","0.26"
"180","2025-07-09 00:00:00","2025-07-10 00:00:00","32.86","9.32","3.08","22.17","14.30","0.68","5.66","7.53","25.37","0.29"
"181","2025-07-10 00:00:00","2025-07-11 00:00:00","32.12","8.96","3.52","21.55","14.32","0.63","6.61","7.49","40.21","0.28"
"182","2025-07-11 00:00:00","2025-07-12 00:00:00","29.74","9.38","2.57","16.16","10.63","0.59","4.61","6.83","33.49","0.26"
"183","2025-07-12 00:00:00","2025-07-13 00:00:00","29.73","8.16","3.47","21.22","14.11","0.66","5.85","7.51","35.40","0.28"
"184","2025-07-13 00:00:00","2025-07-14 00:00:00","33.20","9.25","4.26","23.84","16.13","0.75","6.14","7.58","33.55","0.31"
"185","2025-07-14 00:00:00","2025-07-15 00:00:00","36.41","10.06","6.13","26.10","18.86","0.66","6.54","7.79","26.31","0.35"
"186","2025-07-15 00:00:00","2025-07-16 00:00:00","37.07","10.71","5.18","24.43","17.20","0.61","4.55","7.92","25.79","0.32"
"187","2025-07-16 00:00:00","2025-07-17 00:00:00","37.91","10.78","5.52","27.25","18.98","0.76","7.02","8.00","16.95","0.31"
"188","2025-07-17 00:00:00","2025-07-18 00:00:00","38.74","10.53","4.02","25.43","16.80","0.66","4.92","7.94","27.28","0.34"
"189","2025-07-18 00:00:00","2025-07-19 00:00:00","41.41","12.83","5.99","23.44","17.34","0.72","3.81","7.68","26.84","0.34"
"190","2025-07-19 00:00:00","2025-07-20 00:00:00","52.99","14.92","9.56","26.17","21.70","0.60","6.92","8.29","29.82","0.24"
"191","2025-07-20 00:00:00","2025-07-21 00:00:00","60.04","15.91","9.54","30.91","24.20","0.81","6.67","8.43","27.91","0.28"
"192","2025-07-21 00:00:00","2025-07-22 00:00:00","52.97","12.80","5.91","27.20","19.27","0.62","6.63","8.14","23.16","0.31"
"193","2025-07-22 00:00:00","2025-07-23 00:00:00","40.48","11.67","4.97","26.82","18.30","0.64","6.60","8.55","20.64","0.16"
"194","2025-07-23 00:00:00","2025-07-24 00:00:00","33.94","8.85","2.97","22.57","14.42","0.46","6.43","8.44","28.18","0.11"
"195","2025-07-24 00:00:00","2025-07-25 00:00:00","32.40","8.52","3.09","20.77","13.55","0.59","5.87","8.30","30.01","0.11"
"196","2025-07-25 00:00:00","2025-07-26 00:00:00","42.19","9.77","3.73","19.49","13.36","0.55","3.87","8.23","34.04","0.13"
"197","2025-07-26 00:00:00","2025-07-27 00:00:00","29.57","7.95","4.52","20.18","14.41","0.26","4.76","8.74","40.93","0.12"
"198","2025-07-27 00:00:00","2025-07-28 00:00:00","29.33","7.49","3.20","21.66","14.13","0.40","4.96","8.41","44.40","0.10"
"199","2025-07-28 00:00:00","2025-07-29 00:00:00","32.33","7.56","4.92","23.35","16.42","0.33","3.00","8.56","32.81","0.11"
"200","2025-07-29 00:00:00","2025-07-30 00:00:00","27.13","6.23","3.71","20.67","14.01","0.26","5.16","8.38","40.18","0.12"
"201","2025-07-30 00:00:00","2025-07-31 00:00:00","28.79","7.35","3.05","21.07","13.69","0.43","4.28","8.31","44.86","0.10"
"202","2025-07-31 00:00:00","2025-08-01 00:00:00","41.02","10.78","7.64","21.24","17.52","0.47","6.56","8.04","42.43","0.12"
"203","2025-08-01 00:00:00","2025-08-02 00:00:00","43.26","11.35","4.57","20.67","14.72","0.25","3.14","8.02","42.47","0.11"
"204","2025-08-02 00:00:00","2025-08-03 00:00:00","41.99","11.21","4.45","23.02","15.85","0.53","6.05","7.90","40.23","0.13"
"205","2025-08-03 00:00:00","2025-08-04 00:00:00","44.87","11.17","3.41","22.21","14.58","0.46","3.62","8.02","43.75","0.14"
"206","2025-08-04 00:00:00","2025-08-05 00:00:00","54.36","13.85","11.44","25.46","22.84","0.79","5.31","8.65","43.93","0.16"
"207","2025-08-05 00:00:00","2025-08-06 00:00:00","52.08","13.43","7.78","26.56","20.46","0.46","5.23","9.57","45.00","0.21"
"208","2025-08-06 00:00:00","2025-08-07 00:00:00","56.26","28.24","10.50","29.39","24.18","0.68","5.04","9.26","42.06","0.24"
"209","2025-08-07 00:00:00","2025-08-08 00:00:00","55.33","23.91","4.20","23.99","16.18","0.33","4.37","8.94","45.60","0.26"
"210","2025-08-08 00:00:00","2025-08-09 00:00:00","58.70","12.34","7.98","27.77","21.26","0.72","7.87","9.70","45.45","0.20"
"211","2025-08-09 00:00:00","2025-08-10 00:00:00","51.13","8.44","5.51","24.48","17.50","0.57","5.95","9.75","40.94","0.18"
"212","2025-08-10 00:00:00","2025-08-11 00:00:00","55.00","10.51","4.72","24.51","16.88","0.55","6.39","9.28","45.68","0.13"
"213","2025-08-11 00:00:00","2025-08-12 00:00:00","50.10","11.50","3.45","23.04","15.06","0.53","6.03","9.06","49.68","0.11"
"214","2025-08-12 00:00:00","2025-08-13 00:00:00","54.18","12.83","5.28","24.12","17.13","0.69","4.66","9.04","39.76","0.12"
"215","2025-08-13 00:00:00","2025-08-14 00:00:00","84.78","8.52","5.45","25.38","17.94","0.59","6.28","9.52","33.26","0.17"
"216","2025-08-15 00:00:00","2025-08-16 00:00:00","62.88","12.84","7.78","32.39","23.54","0.77","5.24","9.77","36.48","NA"
"217","2025-08-16 00:00:00","2025-08-17 00:00:00","56.70","7.39","14.28","27.75","26.37","0.78","6.80","9.68","25.78","NA"
"218","2025-08-17 00:00:00","2025-08-18 00:00:00","44.32","21.69","10.64","26.51","22.75","1.01","4.57","10.25","30.11","NA"
"219","2025-08-18 00:00:00","2025-08-19 00:00:00","50.19","24.52","9.31","28.44","22.70","0.99","4.37","9.65","31.50","1.12"
"220","2025-08-19 00:00:00","2025-08-20 00:00:00","50.21","24.52","11.21","28.44","24.25","0.54","8.69","10.45","34.21","1.01"
"221","2025-08-20 00:00:00","2025-08-21 00:00:00","43.15","19.79","9.49","29.01","23.15","0.49","5.59","10.38","27.58","0.87"
"222","2025-08-21 00:00:00","2025-08-22 00:00:00","32.61","13.02","4.17","23.68","15.99","0.30","6.01","9.35","35.11","0.84"
"223","2025-08-22 00:00:00","2025-08-23 00:00:00","31.39","12.13","3.87","22.71","15.23","0.40","5.47","9.08","34.69","0.84"
"224","2025-08-23 00:00:00","2025-08-24 00:00:00","29.59","11.00","3.34","21.46","14.14","0.47","5.23","9.02","35.26","0.84"
"225","2025-08-24 00:00:00","2025-08-25 00:00:00","31.19","12.00","3.25","19.54","13.04","0.55","6.11","8.56","32.89","0.69"
"226","2025-08-25 00:00:00","2025-08-26 00:00:00","38.66","16.98","7.63","20.30","17.00","0.66","3.62","8.40","27.08","0.36"
"227","2025-08-26 00:00:00","2025-08-27 00:00:00","48.57","23.32","11.38","19.39","19.57","0.68","4.91","8.08","20.48","0.35"
"228","2025-08-27 00:00:00","2025-08-28 00:00:00","66.90","35.34","8.05","19.52","16.93","0.31","5.71","7.96","20.16","0.40"
"229","2025-08-28 00:00:00","2025-08-29 00:00:00","62.74","32.58","6.80","21.31","16.87","0.43","5.42","7.81","20.18","0.48"
"230","2025-08-29 00:00:00","2025-08-30 00:00:00","55.85","26.16","8.74","19.98","17.73","0.43","4.69","7.84","16.12","1.21"
"231","2025-08-30 00:00:00","2025-08-31 00:00:00","48.15","21.04","7.49","22.44","18.03","0.45","4.76","7.92","23.32","1.67"
"232","2025-08-31 00:00:00","2025-09-01 00:00:00","50.27","20.80","4.81","22.81","16.05","0.54","4.97","8.25","32.59","1.92"
"233","2025-09-01 00:00:00","2025-09-02 00:00:00","28.16","13.12","7.67","20.03","16.89","0.72","4.56","7.39","28.74","1.63"
"234","2025-09-02 00:00:00","2025-09-03 00:00:00","29.02","14.82","6.56","20.71","16.34","0.34","4.62","8.73","28.36","1.87"
"235","2025-09-03 00:00:00","2025-09-04 00:00:00","22.95","13.05","7.87","25.56","19.97","0.48","4.33","9.18","25.26","1.92"
"236","2025-09-04 00:00:00","2025-09-05 00:00:00","35.75","17.03","15.48","25.61","26.21","0.85","3.75","7.80","19.34","1.72"
"237","2025-09-05 00:00:00","2025-09-06 00:00:00","28.58","14.67","7.53","20.84","17.20","0.33","5.90","7.84","34.05","1.94"
"238","2025-09-06 00:00:00","2025-09-07 00:00:00","40.23","18.54","7.64","25.42","19.73","0.54","7.27","7.77","34.07","1.91"
"239","2025-09-07 00:00:00","2025-09-08 00:00:00","25.14","13.61","9.76","25.54","21.52","0.50","4.13","8.22","29.10","1.84"
"240","2025-09-08 00:00:00","2025-09-09 00:00:00","24.97","13.59","6.94","23.95","18.39","0.42","6.61","8.49","29.57","1.80"
"241","2025-09-09 00:00:00","2025-09-10 00:00:00","40.80","18.61","11.27","26.75","23.39","0.62","4.49","8.70","26.96","1.78"
"242","2025-09-10 00:00:00","2025-09-11 00:00:00","58.68","23.82","5.27","21.10","15.51","0.83","4.65","8.99","33.39","1.86"
"243","2025-09-11 00:00:00","2025-09-12 00:00:00","55.13","20.59","6.61","24.03","18.16","0.95","5.69","9.24","31.17","1.71"
"244","2025-09-12 00:00:00","2025-09-13 00:00:00","40.10","18.00","6.29","25.02","18.43","0.82","7.14","9.49","33.14","1.80"
"245","2025-09-13 00:00:00","2025-09-14 00:00:00","49.77","21.62","11.86","27.91","24.50","1.04","3.40","9.11","24.71","1.55"
"246","2025-09-14 00:00:00","2025-09-15 00:00:00","98.29","37.54","9.47","19.32","17.98","0.73","6.79","7.49","22.86","1.68"
"247","2025-09-15 00:00:00","2025-09-16 00:00:00","77.69","29.58","6.90","18.26","15.33","0.75","4.54","7.13","26.49","1.75"
"248","2025-09-16 00:00:00","2025-09-17 00:00:00","53.01","22.64","6.03","18.33","14.65","0.85","6.46","7.02","29.04","1.77"
"249","2025-09-17 00:00:00","2025-09-18 00:00:00","42.12","19.11","4.05","15.41","11.50","0.81","6.13","7.02","32.11","1.00"
"250","2025-09-18 00:00:00","2025-09-19 00:00:00","63.80","26.16","12.98","25.17","23.94","1.19","6.68","8.33","30.52","0.22"
"251","2025-09-19 00:00:00","2025-09-20 00:00:00","69.22","27.95","11.50","28.49","24.50","0.89","7.30","8.79","26.55","0.34"
"252","2025-09-20 00:00:00","2025-09-21 00:00:00","60.04","28.05","7.70","27.03","20.64","0.99","5.14","8.76","31.51","0.26"
"253","2025-09-21 00:00:00","2025-09-22 00:00:00","60.07","27.74","6.48","26.09","19.15","0.83","3.23","8.83","34.39","0.20"
"254","2025-09-22 00:00:00","2025-09-23 00:00:00","89.24","36.82","10.65","30.75","25.01","1.21","4.51","8.86","32.29","0.26"
"255","2025-09-23 00:00:00","2025-09-24 00:00:00","59.77","27.00","4.05","23.71","15.90","0.68","5.23","8.82","41.39","0.22"
"256","2025-09-24 00:00:00","2025-09-25 00:00:00","70.63","27.73","4.36","24.19","16.41","0.89","4.61","8.59","46.98","0.13"
"257","2025-09-25 00:00:00","2025-09-26 00:00:00","79.57","27.11","8.13","27.08","21.01","0.87","5.99","8.54","42.61","0.29"
"258","2025-09-26 00:00:00","2025-09-27 00:00:00","46.62","13.45","11.02","28.49","24.11","0.54","5.36","8.83","34.20","0.36"
"259","2025-09-27 00:00:00","2025-09-28 00:00:00","42.95","32.73","15.52","33.56","30.47","0.44","6.88","8.93","30.46","0.28"
"260","2025-09-28 00:00:00","2025-09-29 00:00:00","31.25","19.51","14.57","28.79","27.16","0.86","7.13","8.75","28.57","0.29"
"261","2025-09-29 00:00:00","2025-09-30 00:00:00","34.17","20.21","13.35","28.20","25.84","0.48","5.70","8.88","29.19","0.33"
"262","2025-09-30 00:00:00","2025-10-01 00:00:00","73.86","44.47","11.40","28.44","24.39","0.56","7.34","8.92","37.36","0.25"
"263","2025-10-01 00:00:00","2025-10-02 00:00:00","23.50","21.21","7.64","26.91","20.52","0.43","9.55","8.64","41.48","0.22"
"264","2025-10-02 00:00:00","2025-10-03 00:00:00","27.18","57.03","7.60","29.50","21.87","0.69","14.82","8.68","44.98","0.18"
"265","2025-10-03 00:00:00","2025-10-04 00:00:00","20.28","15.30","6.41","24.47","18.23","0.33","17.50","9.12","36.16","0.20"
"266","2025-10-04 00:00:00","2025-10-05 00:00:00","21.23","11.20","9.40","24.29","20.57","0.65","17.37","9.13","36.49","0.20"
"267","2025-10-05 00:00:00","2025-10-06 00:00:00","32.34","18.44","4.16","25.14","16.74","0.33","12.12","9.05","53.31","0.18"
"268","2025-10-06 00:00:00","2025-10-07 00:00:00","41.11","19.29","9.79","31.99","24.97","0.73","14.66","9.13","46.03","0.25"
"269","2025-10-07 00:00:00","2025-10-08 00:00:00","53.93","23.67","9.66","29.12","23.35","0.41","16.19","9.13","37.14","0.31"
"270","2025-10-08 00:00:00","2025-10-09 00:00:00","51.91","23.25","10.35","30.03","24.39","0.41","16.56","9.13","38.26","0.30"
"271","2025-10-09 00:00:00","2025-10-10 00:00:00","81.02","25.07","12.57","35.22","28.95","0.62","16.34","9.18","40.92","0.27"
"272","2025-10-10 00:00:00","2025-10-11 00:00:00","117.79","32.52","12.72","39.08","31.13","0.53","16.38","9.23","39.56","0.31"
"273","2025-10-11 00:00:00","2025-10-12 00:00:00","106.46","29.28","12.70","39.79","31.49","0.56","15.11","9.14","43.73","0.31"
"274","2025-10-12 00:00:00","2025-10-13 00:00:00","78.71","28.15","11.82","37.78","29.70","0.57","14.12","9.07","47.10","0.35"
"275","2025-10-13 00:00:00","2025-10-14 00:00:00","93.52","32.43","15.31","38.94","33.16","0.64","16.46","9.31","40.73","0.40"
"276","2025-10-14 00:00:00","2025-10-15 00:00:00","110.80","45.66","16.75","37.61","33.61","0.57","29.08","9.86","42.19","0.42"
"277","2025-10-15 00:00:00","2025-10-16 00:00:00","134.38","65.04","12.89","36.13","29.70","0.66","11.96","9.03","42.07","0.47"
"278","2025-10-16 00:00:00","2025-10-17 00:00:00","133.61","64.49","15.50","36.87","32.21","0.80","14.36","9.01","43.94","0.59"
"279","2025-10-17 00:00:00","2025-10-18 00:00:00","106.78","48.01","15.98","36.24","32.27","0.88","15.43","8.63","44.86","0.73"
"280","2025-10-18 00:00:00","2025-10-19 00:00:00","93.26","50.57","12.04","32.55","27.10","0.68","8.77","9.20","63.10","0.77"
"281","2025-10-19 00:00:00","2025-10-20 00:00:00","90.61","52.21","7.99","28.86","21.19","0.83","7.36","10.51","67.82","0.60"
"282","2025-10-20 00:00:00","2025-10-21 00:00:00","116.14","89.57","5.46","23.05","16.21","0.61","7.43","10.37","50.61","0.45"
"283","2025-10-21 00:00:00","2025-10-22 00:00:00","155.23","97.42","3.53","21.18","13.93","1.00","7.22","9.14","32.42","0.30"
"284","2025-10-22 00:00:00","2025-10-23 00:00:00","94.29","56.54","8.35","24.98","20.00","0.84","7.38","8.99","33.60","0.35"
"285","2025-10-23 00:00:00","2025-10-24 00:00:00","132.78","80.49","9.55","28.89","22.97","0.92","7.56","9.86","32.91","0.41"
"286","2025-10-24 00:00:00","2025-10-25 00:00:00","175.45","107.01","8.81","32.77","24.28","0.88","7.73","10.68","39.08","0.45"
"287","2025-10-25 00:00:00","2025-10-26 00:00:00","175.67","105.84","11.14","29.30","24.64","0.94","7.85","11.23","31.33","0.54"
"288","2025-10-26 00:00:00","2025-10-27 00:00:00","81.39","47.66","12.57","19.10","20.06","0.97","7.78","9.33","13.95","0.44"
"289","2025-10-27 00:00:00","2025-10-28 00:00:00","89.20","49.18","10.18","20.44","19.16","0.83","7.54","9.48","34.34","0.34"
"290","2025-10-28 00:00:00","2025-10-29 00:00:00","109.08","60.66","11.05","23.39","21.14","0.80","8.34","9.63","19.74","0.36"
"291","2025-10-29 00:00:00","2025-10-30 00:00:00","79.46","47.35","6.30","18.47","14.95","0.75","7.43","8.55","28.72","0.24"
"292","2025-10-30 00:00:00","2025-10-31 00:00:00","39.73","22.62","7.45","16.34","14.32","0.79","7.77","7.58","27.86","0.15"
"293","2025-10-31 00:00:00","2025-11-01 00:00:00","43.85","22.65","10.04","12.70","13.16","0.79","7.51","7.90","51.99","0.25"
"294","2025-11-01 00:00:00","2025-11-02 00:00:00","71.46","34.33","14.99","15.55","19.69","1.00","7.71","8.96","52.78","0.47"
"295","2025-11-02 00:00:00","2025-11-03 00:00:00","105.63","54.21","16.47","18.66","23.03","0.83","7.36","9.10","56.26","0.53"
"296","2025-11-03 00:00:00","2025-11-04 00:00:00","88.74","42.56","14.63","20.96","22.39","0.84","7.70","9.40","69.87","0.42"
"297","2025-11-04 00:00:00","2025-11-05 00:00:00","94.39","43.00","14.99","30.40","27.82","0.76","6.11","9.66","69.82","0.51"
"298","2025-11-05 00:00:00","2025-11-06 00:00:00","107.86","51.49","17.70","21.29","22.72","0.87","4.14","9.33","73.78","0.44"
"299","2025-11-06 00:00:00","2025-11-07 00:00:00","120.25","54.54","23.74","24.93","29.69","0.78","4.25","9.86","63.79","0.56"
"300","2025-11-07 00:00:00","2025-11-08 00:00:00","134.00","66.79","21.32","37.32","37.19","1.05","3.39","10.75","55.56","0.62"
"301","2025-11-08 00:00:00","2025-11-09 00:00:00","144.76","90.33","20.78","38.77","37.52","0.90","2.52","9.49","56.11","0.82"
"302","2025-11-09 00:00:00","2025-11-10 00:00:00","138.17","92.19","17.12","33.94","31.97","0.69","3.10","8.78","54.18","0.77"
"303","2025-11-10 00:00:00","2025-11-11 00:00:00","155.53","92.81","22.99","41.15","40.58","0.95","2.85","8.07","53.62","1.45"
"304","2025-11-11 00:00:00","2025-11-12 00:00:00","155.53","103.68","22.99","44.34","42.28","0.97","2.90","9.74","46.71","0.72"
"305","2025-11-12 00:00:00","2025-11-13 00:00:00","175.93","112.07","20.10","39.20","37.20","1.14","2.03","9.66","53.44","0.84"
"306","2025-11-13 00:00:00","2025-11-14 00:00:00","207.33","138.42","24.83","48.05","45.74","1.25","4.41","12.00","54.51","0.97"
"307","2025-11-14 00:00:00","2025-11-15 00:00:00","146.19","85.92","20.62","43.10","39.69","0.71","4.92","11.85","53.73","1.08"
"308","2025-11-15 00:00:00","2025-11-16 00:00:00","148.54","93.56","24.12","48.27","45.28","0.92","5.58","12.15","50.95","1.05"
"309","2025-11-16 00:00:00","2025-11-17 00:00:00","158.31","102.42","21.08","47.90","42.61","0.92","5.38","14.54","56.18","1.00"
"310","2025-11-17 00:00:00","2025-11-18 00:00:00","174.67","113.43","27.75","53.09","50.79","1.01","5.26","16.16","39.16","1.50"
"311","2025-11-18 00:00:00","2025-11-19 00:00:00","146.88","86.63","24.82","44.85","44.04","1.28","4.98","17.85","33.66","1.21"
"312","2025-11-19 00:00:00","2025-11-20 00:00:00","151.76","90.48","26.75","46.68","46.57","1.30","4.95","18.73","27.00","1.20"
"313","2025-11-20 00:00:00","2025-11-21 00:00:00","170.35","103.01","23.79","52.34","47.17","1.43","5.17","21.11","39.48","1.37"
"314","2025-11-21 00:00:00","2025-11-22 00:00:00","155.00","92.60","23.27","46.08","43.43","1.09","5.13","20.01","39.58","1.14"
"315","2025-11-22 00:00:00","2025-11-23 00:00:00","153.31","91.33","25.83","49.85","47.52","0.91","5.43","18.43","39.71","1.16"
"316","2025-11-23 00:00:00","2025-11-24 00:00:00","145.73","88.40","23.44","46.55","43.81","1.35","5.67","18.69","39.82","0.97"
"317","2025-11-24 00:00:00","2025-11-25 00:00:00","143.50","79.58","25.54","54.18","49.59","0.93","5.22","18.03","44.04","0.94"
"318","2025-11-25 00:00:00","2025-11-26 00:00:00","155.92","87.88","23.21","59.40","50.47","0.89","5.76","19.12","41.73","1.02"
"319","2025-11-26 00:00:00","2025-11-27 00:00:00","122.50","66.63","20.14","55.09","45.68","0.75","5.41","15.52","41.10","0.89"
"320","2025-11-27 00:00:00","2025-11-28 00:00:00","110.57","56.64","25.75","51.86","48.52","0.83","5.09","17.91","40.48","0.79"
"321","2025-11-28 00:00:00","2025-11-29 00:00:00","127.27","72.79","25.73","50.19","47.62","0.99","5.38","18.17","36.19","1.07"
"322","2025-11-29 00:00:00","2025-11-30 00:00:00","108.63","64.03","10.10","35.24","26.97","0.69","5.33","17.51","36.42","0.79"
"323","2025-11-30 00:00:00","2025-12-01 00:00:00","107.12","58.12","31.84","58.34","56.93","1.53","5.36","13.12","43.32","0.43"
"324","2025-12-01 00:00:00","2025-12-02 00:00:00","107.16","57.96","27.72","48.43","48.29","1.00","5.62","14.89","38.61","0.80"
"325","2025-12-02 00:00:00","2025-12-03 00:00:00","104.44","54.75","28.76","45.86","47.76","0.90","5.33","15.36","36.68","0.65"
"326","2025-12-03 00:00:00","2025-12-04 00:00:00","92.27","47.29","31.17","45.27","49.41","1.01","5.65","13.30","37.75","0.49"
"327","2025-12-04 00:00:00","2025-12-05 00:00:00","100.31","50.81","31.90","48.30","51.62","0.98","5.51","14.68","38.45","0.49"
"328","2025-12-05 00:00:00","2025-12-06 00:00:00","129.04","63.23","36.52","64.32","63.90","1.49","5.80","14.81","39.86","0.57"
"329","2025-12-06 00:00:00","2025-12-07 00:00:00","117.74","64.22","24.57","51.07","47.14","1.36","5.81","14.18","33.42","0.52"
"330","2025-12-07 00:00:00","2025-12-08 00:00:00","123.87","72.79","25.68","41.99","43.22","1.67","5.27","16.51","35.98","0.50"
"331","2025-12-08 00:00:00","2025-12-09 00:00:00","101.97","53.03","34.53","40.61","49.68","1.13","5.45","13.29","35.86","0.64"
"332","2025-12-09 00:00:00","2025-12-10 00:00:00","98.71","49.15","37.80","39.72","51.86","1.63","5.26","12.39","35.82","0.66"
"333","2025-12-10 00:00:00","2025-12-11 00:00:00","113.17","60.44","30.07","39.93","45.69","0.91","5.21","12.05","31.73","1.11"
"334","2025-12-11 00:00:00","2025-12-12 00:00:00","120.21","73.16","28.71","42.03","45.69","1.32","6.06","13.09","23.94","1.36"
"335","2025-12-12 00:00:00","2025-12-13 00:00:00","117.35","68.76","28.52","41.32","45.16","0.98","5.32","12.69","23.90","1.39"
"336","2025-12-13 00:00:00","2025-12-14 00:00:00","125.22","76.62","33.06","47.56","52.18","1.04","4.95","12.99","23.78","1.55"
"337","2025-12-14 00:00:00","2025-12-15 00:00:00","161.19","99.96","24.88","43.85","43.55","1.08","5.58","20.42","23.88","1.43"
"338","2025-12-15 00:00:00","2025-12-16 00:00:00","197.19","136.34","30.38","44.61","48.43","0.91","5.40","26.51","23.86","1.86"
"339","2025-12-16 00:00:00","2025-12-17 00:00:00","124.75","80.84","33.99","44.58","51.34","1.11","5.48","23.33","23.92","1.98"
"340","2025-12-17 00:00:00","2025-12-18 00:00:00","75.02","38.79","38.79","39.95","52.79","1.15","5.87","18.59","23.90","1.81"
"341","2025-12-18 00:00:00","2025-12-19 00:00:00","53.88","28.75","29.64","32.46","41.36","1.14","5.90","14.72","23.87","1.35"
"342","2025-12-19 00:00:00","2025-12-20 00:00:00","76.10","43.26","31.13","37.99","45.52","1.19","5.84","21.74","23.87","1.75"
"343","2025-12-20 00:00:00","2025-12-21 00:00:00","73.85","38.94","30.95","40.70","46.81","1.12","5.06","18.68","23.92","1.75"
"344","2025-12-21 00:00:00","2025-12-22 00:00:00","57.79","30.36","23.88","39.09","40.20","1.13","5.75","14.95","23.92","1.21"
"345","2025-12-22 00:00:00","2025-12-23 00:00:00","84.17","45.51","34.81","39.98","49.56","1.36","5.41","25.70","24.03","1.86"
"346","2025-12-23 00:00:00","2025-12-24 00:00:00","76.38","42.63","29.25","37.54","43.75","1.05","5.36","22.02","23.83","2.03"
"347","2025-12-24 00:00:00","2025-12-25 00:00:00","54.39","29.31","26.08","32.45","38.47","1.05","5.26","17.27","23.91","1.40"
"348","2025-12-25 00:00:00","2025-12-26 00:00:00","49.06","26.80","27.19","34.84","40.41","0.85","5.30","15.83","26.41","1.17"
"349","2025-12-26 00:00:00","2025-12-27 00:00:00","54.10","26.97","32.59","38.07","46.75","1.13","5.94","15.83","29.16","1.06"
"350","2025-12-27 00:00:00","2025-12-28 00:00:00","56.01","30.15","26.86","34.94","40.42","1.05","5.74","15.48","29.42","1.21"
"351","2025-12-28 00:00:00","2025-12-29 00:00:00","59.04","34.71","22.49","35.15","36.99","1.18","5.76","16.75","30.50","1.30"
"352","2025-12-29 00:00:00","2025-12-30 00:00:00","67.30","37.66","30.70","39.27","45.84","1.14","5.48","16.83","29.86","1.60"
"353","2025-12-30 00:00:00","2025-12-31 00:00:00","55.10","31.08","25.37","38.92","41.33","1.23","5.66","13.67","28.72","1.40"
"354","2025-12-31 00:00:00","2026-01-01 00:00:00","54.69","28.60","29.90","45.08","48.28","1.46","6.37","16.32","35.74","1.35"
"355","Min","","20.28","5.11","2.57","12.70","10.63","0.23","2.03","6.43","0.40","0.10"
"356","Max","","207.33","138.42","38.79","73.15","63.90","2.71","29.08","26.51","93.90","2.03"
"357","Avg.","","84.25","35.25","13.67","36.53","30.8","0.98","8.79","10.27","37.39","0.75"